Time,Voltage,,,
0,-256,,Record Length,2.50E+03
0.002,-256,,Sample Interval,2.00E-03
0.004,-256,,Trigger Point,0.00E+00
0.006,-256,,,
0.008,-256,,,
0.01,-256,,,
0.012,-256,,Source,CH1
0.014,-256,,Vertical Units,V
0.016,-256,,Vertical Scale,5.00E+01
0.018,-256,,Vertical Offset,0.00E+00
0.02,-256,,Horizontal Units,s
0.022,-256,,Horizontal Scale,5.00E-01
0.024,-256,,Pt Fmt,Y
0.026,-256,,Yzero,0.00E+00
0.028,-256,,Probe Atten,1.00E+01
0.03,-256,,Model Number,TBS1102
0.032,-256,,Serial Number,C012454
0.034,-256,,Firmware Version,FV:v26.01
0.036,-256,,,
0.038,-256,,,
0.04,-256,,,
0.042,-256,,,
0.044,-256,,,
0.046,-256,,,
0.048,-256,,,
0.05,-256,,,
0.052,-256,,,
0.054,-256,,,
0.056,-256,,,
0.058,-256,,,
0.06,-256,,,
0.062,-256,,,
0.064,-256,,,
0.066,-256,,,
0.068,-256,,,
0.07,-256,,,
0.072,-256,,,
0.074,-256,,,
0.076,-256,,,
0.078,-256,,,
0.08,-256,,,
0.082,-256,,,
0.084,-256,,,
0.086,-256,,,
0.088,-256,,,
0.09,-256,,,
0.092,-256,,,
0.094,-256,,,
0.096,-256,,,
0.098,-256,,,
0.1,-256,,,
0.102,-256,,,
0.104,-256,,,
0.106,-256,,,
0.108,-256,,,
0.11,-256,,,
0.112,-256,,,
0.114,-256,,,
0.116,-256,,,
0.118,-256,,,
0.12,-256,,,
0.122,-256,,,
0.124,-256,,,
0.126,-256,,,
0.128,-256,,,
0.13,-256,,,
0.132,-256,,,
0.134,-256,,,
0.136,-256,,,
0.138,-256,,,
0.14,-256,,,
0.142,-256,,,
0.144,-256,,,
0.146,-256,,,
0.148,-256,,,
0.15,-256,,,
0.152,-256,,,
0.154,-256,,,
0.156,-256,,,
0.158,-256,,,
0.16,-256,,,
0.162,-256,,,
0.164,-256,,,
0.166,-256,,,
0.168,-256,,,
0.17,-256,,,
0.172,-256,,,
0.174,-256,,,
0.176,-256,,,
0.178,-256,,,
0.18,-256,,,
0.182,-256,,,
0.184,-256,,,
0.186,-256,,,
0.188,-256,,,
0.19,-256,,,
0.192,-256,,,
0.194,-256,,,
0.196,-256,,,
0.198,-256,,,
0.2,-256,,,
0.202,-256,,,
0.204,-256,,,
0.206,-256,,,
0.208,-256,,,
0.21,-256,,,
0.212,-256,,,
0.214,-256,,,
0.216,-256,,,
0.218,-256,,,
0.22,-256,,,
0.222,-256,,,
0.224,-256,,,
0.226,-256,,,
0.228,-256,,,
0.23,-256,,,
0.232,-256,,,
0.234,-256,,,
0.236,-256,,,
0.238,-256,,,
0.24,-256,,,
0.242,-256,,,
0.244,-256,,,
0.246,-256,,,
0.248,-256,,,
0.25,-256,,,
0.252,-256,,,
0.254,-256,,,
0.256,-256,,,
0.258,-256,,,
0.26,-256,,,
0.262,-256,,,
0.264,-256,,,
0.266,-256,,,
0.268,-256,,,
0.27,-256,,,
0.272,-256,,,
0.274,-256,,,
0.276,-256,,,
0.278,-16,,,
0.28,-14,,,
0.282,-14,,,
0.284,-14,,,
0.286,-8,,,
0.288,-8,,,
0.29,-10,,,
0.292,-4,,,
0.294,-6,,,
0.296,-6,,,
0.298,-4,,,
0.3,-4,,,
0.302,-8,,,
0.304,-6,,,
0.306,-6,,,
0.308,-10,,,
0.31,-8,,,
0.312,-4,,,
0.314,-8,,,
0.316,-2,,,
0.318,0,,,
0.32,0,,,
0.322,2,,,
0.324,6,,,
0.326,6,,,
0.328,6,,,
0.33,12,,,
0.332,8,,,
0.334,8,,,
0.336,12,,,
0.338,10,,,
0.34,8,,,
0.342,10,,,
0.344,10,,,
0.346,4,,,
0.348,8,,,
0.35,8,,,
0.352,4,,,
0.354,6,,,
0.356,10,,,
0.358,8,,,
0.36,12,,,
0.362,16,,,
0.364,16,,,
0.366,18,,,
0.368,22,,,
0.37,22,,,
0.372,22,,,
0.374,24,,,
0.376,26,,,
0.378,22,,,
0.38,26,,,
0.382,26,,,
0.384,24,,,
0.386,24,,,
0.388,26,,,
0.39,24,,,
0.392,28,,,
0.394,28,,,
0.396,24,,,
0.398,28,,,
0.4,28,,,
0.402,26,,,
0.404,28,,,
0.406,32,,,
0.408,28,,,
0.41,30,,,
0.412,32,,,
0.414,32,,,
0.416,32,,,
0.418,36,,,
0.42,36,,,
0.422,36,,,
0.424,36,,,
0.426,36,,,
0.428,36,,,
0.43,36,,,
0.432,36,,,
0.434,36,,,
0.436,36,,,
0.438,36,,,
0.44,34,,,
0.442,36,,,
0.444,36,,,
0.446,36,,,
0.448,36,,,
0.45,36,,,
0.452,36,,,
0.454,36,,,
0.456,38,,,
0.458,36,,,
0.46,36,,,
0.462,36,,,
0.464,36,,,
0.466,34,,,
0.468,34,,,
0.47,34,,,
0.472,34,,,
0.474,34,,,
0.476,34,,,
0.478,36,,,
0.48,36,,,
0.482,36,,,
0.484,36,,,
0.486,36,,,
0.488,36,,,
0.49,36,,,
0.492,36,,,
0.494,34,,,
0.496,32,,,
0.498,30,,,
0.5,28,,,
0.502,26,,,
0.504,24,,,
0.506,22,,,
0.508,22,,,
0.51,22,,,
0.512,20,,,
0.514,22,,,
0.516,26,,,
0.518,24,,,
0.52,24,,,
0.522,30,,,
0.524,28,,,
0.526,26,,,
0.528,30,,,
0.53,28,,,
0.532,26,,,
0.534,26,,,
0.536,24,,,
0.538,20,,,
0.54,18,,,
0.542,18,,,
0.544,14,,,
0.546,10,,,
0.548,14,,,
0.55,10,,,
0.552,8,,,
0.554,12,,,
0.556,10,,,
0.558,12,,,
0.56,12,,,
0.562,10,,,
0.564,10,,,
0.566,12,,,
0.568,10,,,
0.57,8,,,
0.572,8,,,
0.574,8,,,
0.576,4,,,
0.578,4,,,
0.58,2,,,
0.582,0,,,
0.584,-2,,,
0.586,-2,,,
0.588,-6,,,
0.59,-8,,,
0.592,-6,,,
0.594,-6,,,
0.596,-8,,,
0.598,-8,,,
0.6,-8,,,
0.602,-8,,,
0.604,-8,,,
0.606,-8,,,
0.608,-8,,,
0.61,-8,,,
0.612,-10,,,
0.614,-10,,,
0.616,-8,,,
0.618,-10,,,
0.62,-12,,,
0.622,-10,,,
0.624,-12,,,
0.626,-14,,,
0.628,-14,,,
0.63,-14,,,
0.632,-16,,,
0.634,-16,,,
0.636,-14,,,
0.638,-16,,,
0.64,-18,,,
0.642,-16,,,
0.644,-16,,,
0.646,-18,,,
0.648,-16,,,
0.65,-18,,,
0.652,-18,,,
0.654,-18,,,
0.656,-18,,,
0.658,-18,,,
0.66,-18,,,
0.662,-18,,,
0.664,-20,,,
0.666,-20,,,
0.668,-18,,,
0.67,-18,,,
0.672,-18,,,
0.674,-18,,,
0.676,-18,,,
0.678,-20,,,
0.68,-18,,,
0.682,-20,,,
0.684,-18,,,
0.686,-18,,,
0.688,-16,,,
0.69,-16,,,
0.692,-14,,,
0.694,-12,,,
0.696,-14,,,
0.698,-14,,,
0.7,-12,,,
0.702,-14,,,
0.704,-14,,,
0.706,-14,,,
0.708,-12,,,
0.71,-14,,,
0.712,-14,,,
0.714,-12,,,
0.716,-16,,,
0.718,-12,,,
0.72,-10,,,
0.722,-14,,,
0.724,-6,,,
0.726,-4,,,
0.728,-8,,,
0.73,0,,,
0.732,4,,,
0.734,0,,,
0.736,2,,,
0.738,4,,,
0.74,-2,,,
0.742,2,,,
0.744,4,,,
0.746,-6,,,
0.748,-2,,,
0.75,4,,,
0.752,-6,,,
0.754,-6,,,
0.756,6,,,
0.758,-2,,,
0.76,-4,,,
0.762,6,,,
0.764,4,,,
0.766,2,,,
0.768,10,,,
0.77,8,,,
0.772,6,,,
0.774,18,,,
0.776,14,,,
0.778,8,,,
0.78,20,,,
0.782,20,,,
0.784,10,,,
0.786,18,,,
0.788,22,,,
0.79,16,,,
0.792,16,,,
0.794,22,,,
0.796,18,,,
0.798,18,,,
0.8,24,,,
0.802,18,,,
0.804,16,,,
0.806,26,,,
0.808,24,,,
0.81,22,,,
0.812,30,,,
0.814,30,,,
0.816,28,,,
0.818,32,,,
0.82,32,,,
0.822,30,,,
0.824,34,,,
0.826,34,,,
0.828,30,,,
0.83,32,,,
0.832,34,,,
0.834,30,,,
0.836,32,,,
0.838,34,,,
0.84,32,,,
0.842,32,,,
0.844,36,,,
0.846,34,,,
0.848,32,,,
0.85,36,,,
0.852,36,,,
0.854,34,,,
0.856,38,,,
0.858,36,,,
0.86,36,,,
0.862,36,,,
0.864,36,,,
0.866,36,,,
0.868,36,,,
0.87,36,,,
0.872,36,,,
0.874,36,,,
0.876,36,,,
0.878,38,,,
0.88,36,,,
0.882,36,,,
0.884,36,,,
0.886,36,,,
0.888,36,,,
0.89,36,,,
0.892,36,,,
0.894,36,,,
0.896,36,,,
0.898,34,,,
0.9,32,,,
0.902,34,,,
0.904,34,,,
0.906,30,,,
0.908,30,,,
0.91,32,,,
0.912,30,,,
0.914,30,,,
0.916,30,,,
0.918,30,,,
0.92,30,,,
0.922,32,,,
0.924,30,,,
0.926,30,,,
0.928,32,,,
0.93,30,,,
0.932,28,,,
0.934,28,,,
0.936,26,,,
0.938,24,,,
0.94,20,,,
0.942,18,,,
0.944,18,,,
0.946,16,,,
0.948,16,,,
0.95,12,,,
0.952,14,,,
0.954,12,,,
0.956,12,,,
0.958,14,,,
0.96,12,,,
0.962,12,,,
0.964,14,,,
0.966,12,,,
0.968,8,,,
0.97,10,,,
0.972,10,,,
0.974,6,,,
0.976,6,,,
0.978,6,,,
0.98,4,,,
0.982,4,,,
0.984,4,,,
0.986,0,,,
0.988,0,,,
0.99,2,,,
0.992,-2,,,
0.994,-4,,,
0.996,0,,,
0.998,-2,,,
1,-4,,,
1.002,-2,,,
1.004,0,,,
1.006,-4,,,
1.008,-4,,,
1.01,-2,,,
1.012,-4,,,
1.014,-4,,,
1.016,-6,,,
1.018,-8,,,
1.02,-8,,,
1.022,-10,,,
1.024,-12,,,
1.026,-14,,,
1.028,-12,,,
1.03,-14,,,
1.032,-16,,,
1.034,-14,,,
1.036,-14,,,
1.038,-16,,,
1.04,-16,,,
1.042,-16,,,
1.044,-14,,,
1.046,-16,,,
1.048,-16,,,
1.05,-18,,,
1.052,-16,,,
1.054,-16,,,
1.056,-18,,,
1.058,-16,,,
1.06,-18,,,
1.062,-18,,,
1.064,-18,,,
1.066,-18,,,
1.068,-18,,,
1.07,-20,,,
1.072,-20,,,
1.074,-18,,,
1.076,-20,,,
1.078,-18,,,
1.08,-18,,,
1.082,-20,,,
1.084,-18,,,
1.086,-20,,,
1.088,-20,,,
1.09,-18,,,
1.092,-18,,,
1.094,-18,,,
1.096,-18,,,
1.098,-18,,,
1.1,-18,,,
1.102,-18,,,
1.104,-18,,,
1.106,-16,,,
1.108,-16,,,
1.11,-14,,,
1.112,-14,,,
1.114,-14,,,
1.116,-14,,,
1.118,-14,,,
1.12,-12,,,
1.122,-14,,,
1.124,-14,,,
1.126,-12,,,
1.128,-14,,,
1.13,-12,,,
1.132,-10,,,
1.134,-12,,,
1.136,-12,,,
1.138,-8,,,
1.14,-8,,,
1.142,-6,,,
1.144,-2,,,
1.146,-2,,,
1.148,-4,,,
1.15,0,,,
1.152,0,,,
1.154,0,,,
1.156,2,,,
1.158,4,,,
1.16,0,,,
1.162,2,,,
1.164,4,,,
1.166,0,,,
1.168,0,,,
1.17,4,,,
1.172,2,,,
1.174,0,,,
1.176,2,,,
1.178,4,,,
1.18,4,,,
1.182,6,,,
1.184,8,,,
1.186,10,,,
1.188,12,,,
1.19,12,,,
1.192,14,,,
1.194,18,,,
1.196,18,,,
1.198,16,,,
1.2,18,,,
1.202,20,,,
1.204,18,,,
1.206,20,,,
1.208,20,,,
1.21,22,,,
1.212,22,,,
1.214,22,,,
1.216,22,,,
1.218,22,,,
1.22,24,,,
1.222,24,,,
1.224,26,,,
1.226,28,,,
1.228,30,,,
1.23,28,,,
1.232,32,,,
1.234,32,,,
1.236,30,,,
1.238,32,,,
1.24,34,,,
1.242,32,,,
1.244,32,,,
1.246,32,,,
1.248,32,,,
1.25,32,,,
1.252,32,,,
1.254,34,,,
1.256,34,,,
1.258,32,,,
1.26,34,,,
1.262,36,,,
1.264,36,,,
1.266,36,,,
1.268,36,,,
1.27,36,,,
1.272,36,,,
1.274,36,,,
1.276,36,,,
1.278,38,,,
1.28,36,,,
1.282,36,,,
1.284,36,,,
1.286,36,,,
1.288,36,,,
1.29,38,,,
1.292,36,,,
1.294,38,,,
1.296,38,,,
1.298,36,,,
1.3,36,,,
1.302,36,,,
1.304,36,,,
1.306,34,,,
1.308,36,,,
1.31,36,,,
1.312,34,,,
1.314,30,,,
1.316,34,,,
1.318,34,,,
1.32,30,,,
1.322,30,,,
1.324,32,,,
1.326,30,,,
1.328,30,,,
1.33,32,,,
1.332,30,,,
1.334,28,,,
1.336,30,,,
1.338,28,,,
1.34,22,,,
1.342,30,,,
1.344,28,,,
1.346,20,,,
1.348,24,,,
1.35,30,,,
1.352,18,,,
1.354,20,,,
1.356,24,,,
1.358,18,,,
1.36,16,,,
1.362,22,,,
1.364,16,,,
1.366,14,,,
1.368,22,,,
1.37,14,,,
1.372,10,,,
1.374,18,,,
1.376,18,,,
1.378,8,,,
1.38,12,,,
1.382,12,,,
1.384,8,,,
1.386,8,,,
1.388,8,,,
1.39,2,,,
1.392,6,,,
1.394,8,,,
1.396,0,,,
1.398,0,,,
1.4,6,,,
1.402,0,,,
1.404,-4,,,
1.406,0,,,
1.408,0,,,
1.41,-4,,,
1.412,-4,,,
1.414,-6,,,
1.416,-8,,,
1.418,-4,,,
1.42,-10,,,
1.422,-12,,,
1.424,-10,,,
1.426,-10,,,
1.428,-14,,,
1.43,-12,,,
1.432,-14,,,
1.434,-16,,,
1.436,-14,,,
1.438,-14,,,
1.44,-16,,,
1.442,-16,,,
1.444,-12,,,
1.446,-14,,,
1.448,-16,,,
1.45,-14,,,
1.452,-14,,,
1.454,-18,,,
1.456,-16,,,
1.458,-18,,,
1.46,-18,,,
1.462,-18,,,
1.464,-20,,,
1.466,-20,,,
1.468,-18,,,
1.47,-18,,,
1.472,-18,,,
1.474,-18,,,
1.476,-18,,,
1.478,-20,,,
1.48,-18,,,
1.482,-18,,,
1.484,-18,,,
1.486,-18,,,
1.488,-20,,,
1.49,-18,,,
1.492,-18,,,
1.494,-18,,,
1.496,-18,,,
1.498,-18,,,
1.5,-18,,,
1.502,-18,,,
1.504,-16,,,
1.506,-16,,,
1.508,-16,,,
1.51,-14,,,
1.512,-14,,,
1.514,-12,,,
1.516,-10,,,
1.518,-10,,,
1.52,-12,,,
1.522,-10,,,
1.524,-10,,,
1.526,-14,,,
1.528,-10,,,
1.53,-10,,,
1.532,-12,,,
1.534,-10,,,
1.536,-8,,,
1.538,-10,,,
1.54,-6,,,
1.542,-4,,,
1.544,-6,,,
1.546,-2,,,
1.548,0,,,
1.55,0,,,
1.552,0,,,
1.554,4,,,
1.556,2,,,
1.558,2,,,
1.56,6,,,
1.562,4,,,
1.564,2,,,
1.566,6,,,
1.568,0,,,
1.57,0,,,
1.572,4,,,
1.574,4,,,
1.576,2,,,
1.578,6,,,
1.58,8,,,
1.582,6,,,
1.584,10,,,
1.586,12,,,
1.588,12,,,
1.59,14,,,
1.592,20,,,
1.594,16,,,
1.596,16,,,
1.598,22,,,
1.6,20,,,
1.602,18,,,
1.604,20,,,
1.606,22,,,
1.608,20,,,
1.61,22,,,
1.612,22,,,
1.614,24,,,
1.616,24,,,
1.618,26,,,
1.62,26,,,
1.622,28,,,
1.624,28,,,
1.626,30,,,
1.628,30,,,
1.63,32,,,
1.632,32,,,
1.634,32,,,
1.636,34,,,
1.638,34,,,
1.64,34,,,
1.642,34,,,
1.644,36,,,
1.646,34,,,
1.648,34,,,
1.65,32,,,
1.652,34,,,
1.654,34,,,
1.656,36,,,
1.658,34,,,
1.66,36,,,
1.662,38,,,
1.664,36,,,
1.666,36,,,
1.668,36,,,
1.67,38,,,
1.672,38,,,
1.674,36,,,
1.676,38,,,
1.678,38,,,
1.68,36,,,
1.682,36,,,
1.684,36,,,
1.686,36,,,
1.688,36,,,
1.69,36,,,
1.692,36,,,
1.694,36,,,
1.696,36,,,
1.698,36,,,
1.7,36,,,
1.702,36,,,
1.704,34,,,
1.706,34,,,
1.708,34,,,
1.71,32,,,
1.712,28,,,
1.714,30,,,
1.716,30,,,
1.718,26,,,
1.72,26,,,
1.722,28,,,
1.724,26,,,
1.726,24,,,
1.728,26,,,
1.73,26,,,
1.732,26,,,
1.734,26,,,
1.736,26,,,
1.738,24,,,
1.74,26,,,
1.742,22,,,
1.744,20,,,
1.746,20,,,
1.748,22,,,
1.75,16,,,
1.752,16,,,
1.754,18,,,
1.756,14,,,
1.758,14,,,
1.76,12,,,
1.762,10,,,
1.764,10,,,
1.766,12,,,
1.768,10,,,
1.77,10,,,
1.772,14,,,
1.774,12,,,
1.776,10,,,
1.778,14,,,
1.78,10,,,
1.782,8,,,
1.784,8,,,
1.786,6,,,
1.788,4,,,
1.79,4,,,
1.792,4,,,
1.794,-4,,,
1.796,-2,,,
1.798,-2,,,
1.8,-6,,,
1.802,-8,,,
1.804,-6,,,
1.806,-10,,,
1.808,-10,,,
1.81,-10,,,
1.812,-10,,,
1.814,-12,,,
1.816,-10,,,
1.818,-10,,,
1.82,-10,,,
1.822,-10,,,
1.824,-10,,,
1.826,-12,,,
1.828,-12,,,
1.83,-12,,,
1.832,-14,,,
1.834,-16,,,
1.836,-14,,,
1.838,-16,,,
1.84,-16,,,
1.842,-16,,,
1.844,-18,,,
1.846,-18,,,
1.848,-18,,,
1.85,-18,,,
1.852,-18,,,
1.854,-18,,,
1.856,-18,,,
1.858,-18,,,
1.86,-18,,,
1.862,-18,,,
1.864,-18,,,
1.866,-18,,,
1.868,-18,,,
1.87,-18,,,
1.872,-18,,,
1.874,-18,,,
1.876,-18,,,
1.878,-20,,,
1.88,-18,,,
1.882,-18,,,
1.884,-18,,,
1.886,-18,,,
1.888,-16,,,
1.89,-16,,,
1.892,-16,,,
1.894,-14,,,
1.896,-16,,,
1.898,-16,,,
1.9,-14,,,
1.902,-14,,,
1.904,-16,,,
1.906,-16,,,
1.908,-14,,,
1.91,-14,,,
1.912,-14,,,
1.914,-12,,,
1.916,-12,,,
1.918,-12,,,
1.92,-8,,,
1.922,-8,,,
1.924,-8,,,
1.926,-4,,,
1.928,-2,,,
1.93,-2,,,
1.932,-2,,,
1.934,0,,,
1.936,0,,,
1.938,0,,,
1.94,0,,,
1.942,-2,,,
1.944,-2,,,
1.946,2,,,
1.948,0,,,
1.95,-2,,,
1.952,2,,,
1.954,4,,,
1.956,4,,,
1.958,6,,,
1.96,4,,,
1.962,12,,,
1.964,6,,,
1.966,8,,,
1.968,10,,,
1.97,12,,,
1.972,8,,,
1.974,14,,,
1.976,12,,,
1.978,8,,,
1.98,12,,,
1.982,14,,,
1.984,8,,,
1.986,12,,,
1.988,20,,,
1.99,10,,,
1.992,16,,,
1.994,24,,,
1.996,20,,,
1.998,16,,,
2,32,,,
2.002,26,,,
2.004,22,,,
2.006,30,,,
2.008,32,,,
2.01,26,,,
2.012,32,,,
2.014,32,,,
2.016,26,,,
2.018,34,,,
2.02,32,,,
2.022,26,,,
2.024,30,,,
2.026,36,,,
2.028,26,,,
2.03,30,,,
2.032,34,,,
2.034,34,,,
2.036,32,,,
2.038,36,,,
2.04,36,,,
2.042,34,,,
2.044,36,,,
2.046,36,,,
2.048,34,,,
2.05,38,,,
2.052,36,,,
2.054,34,,,
2.056,36,,,
2.058,36,,,
2.06,36,,,
2.062,36,,,
2.064,36,,,
2.066,36,,,
2.068,36,,,
2.07,38,,,
2.072,36,,,
2.074,36,,,
2.076,36,,,
2.078,36,,,
2.08,36,,,
2.082,36,,,
2.084,36,,,
2.086,36,,,
2.088,34,,,
2.09,36,,,
2.092,36,,,
2.094,30,,,
2.096,30,,,
2.098,34,,,
2.1,30,,,
2.102,26,,,
2.104,32,,,
2.106,28,,,
2.108,26,,,
2.11,30,,,
2.112,26,,,
2.114,24,,,
2.116,26,,,
2.118,26,,,
2.12,20,,,
2.122,26,,,
2.124,28,,,
2.126,22,,,
2.128,22,,,
2.13,24,,,
2.132,22,,,
2.134,22,,,
2.136,22,,,
2.138,18,,,
2.14,18,,,
2.142,22,,,
2.144,16,,,
2.146,14,,,
2.148,20,,,
2.15,16,,,
2.152,12,,,
2.154,16,,,
2.156,16,,,
2.158,12,,,
2.16,12,,,
2.162,10,,,
2.164,8,,,
2.166,10,,,
2.168,8,,,
2.17,2,,,
2.172,8,,,
2.174,8,,,
2.176,0,,,
2.178,0,,,
2.18,4,,,
2.182,0,,,
2.184,-2,,,
2.186,0,,,
2.188,-6,,,
2.19,-6,,,
2.192,-8,,,
2.194,-12,,,
2.196,-12,,,
2.198,-12,,,
2.2,-16,,,
2.202,-16,,,
2.204,-14,,,
2.206,-14,,,
2.208,-14,,,
2.21,-14,,,
2.212,-14,,,
2.214,-14,,,
2.216,-12,,,
2.218,-12,,,
2.22,-14,,,
2.222,-12,,,
2.224,-12,,,
2.226,-14,,,
2.228,-14,,,
2.23,-14,,,
2.232,-18,,,
2.234,-16,,,
2.236,-18,,,
2.238,-18,,,
2.24,-20,,,
2.242,-18,,,
2.244,-20,,,
2.246,-20,,,
2.248,-20,,,
2.25,-18,,,
2.252,-18,,,
2.254,-20,,,
2.256,-20,,,
2.258,-18,,,
2.26,-20,,,
2.262,-20,,,
2.264,-20,,,
2.266,-20,,,
2.268,-18,,,
2.27,-18,,,
2.272,-18,,,
2.274,-16,,,
2.276,-16,,,
2.278,-16,,,
2.28,-14,,,
2.282,-12,,,
2.284,-14,,,
2.286,-14,,,
2.288,-12,,,
2.29,-14,,,
2.292,-14,,,
2.294,-14,,,
2.296,-14,,,
2.298,-14,,,
2.3,-12,,,
2.302,-12,,,
2.304,-14,,,
2.306,-10,,,
2.308,-8,,,
2.31,-10,,,
2.312,-6,,,
2.314,-6,,,
2.316,-8,,,
2.318,-4,,,
2.32,0,,,
2.322,-6,,,
2.324,-4,,,
2.326,-2,,,
2.328,-4,,,
2.33,-4,,,
2.332,-4,,,
2.334,-6,,,
2.336,-6,,,
2.338,-4,,,
2.34,-4,,,
2.342,-2,,,
2.344,0,,,
2.346,4,,,
2.348,2,,,
2.35,6,,,
2.352,8,,,
2.354,10,,,
2.356,14,,,
2.358,12,,,
2.36,14,,,
2.362,18,,,
2.364,18,,,
2.366,16,,,
2.368,18,,,
2.37,20,,,
2.372,18,,,
2.374,18,,,
2.376,20,,,
2.378,20,,,
2.38,20,,,
2.382,20,,,
2.384,20,,,
2.386,22,,,
2.388,22,,,
2.39,22,,,
2.392,26,,,
2.394,26,,,
2.396,26,,,
2.398,28,,,
2.4,30,,,
2.402,30,,,
2.404,30,,,
2.406,34,,,
2.408,32,,,
2.41,32,,,
2.412,32,,,
2.414,32,,,
2.416,32,,,
2.418,30,,,
2.42,30,,,
2.422,30,,,
2.424,30,,,
2.426,30,,,
2.428,30,,,
2.43,32,,,
2.432,34,,,
2.434,34,,,
2.436,34,,,
2.438,36,,,
2.44,36,,,
2.442,36,,,
2.444,36,,,
2.446,36,,,
2.448,36,,,
2.45,36,,,
2.452,36,,,
2.454,36,,,
2.456,36,,,
2.458,36,,,
2.46,36,,,
2.462,36,,,
2.464,36,,,
2.466,36,,,
2.468,36,,,
2.47,36,,,
2.472,38,,,
2.474,36,,,
2.476,36,,,
2.478,36,,,
2.48,36,,,
2.482,32,,,
2.484,34,,,
2.486,34,,,
2.488,32,,,
2.49,30,,,
2.492,30,,,
2.494,28,,,
2.496,30,,,
2.498,30,,,
2.5,28,,,
2.502,30,,,
2.504,30,,,
2.506,28,,,
2.508,28,,,
2.51,30,,,
2.512,30,,,
2.514,26,,,
2.516,26,,,
2.518,28,,,
2.52,24,,,
2.522,24,,,
2.524,24,,,
2.526,22,,,
2.528,20,,,
2.53,20,,,
2.532,18,,,
2.534,18,,,
2.536,18,,,
2.538,16,,,
2.54,14,,,
2.542,18,,,
2.544,12,,,
2.546,10,,,
2.548,12,,,
2.55,10,,,
2.552,6,,,
2.554,8,,,
2.556,8,,,
2.558,4,,,
2.56,4,,,
2.562,8,,,
2.564,4,,,
2.566,4,,,
2.568,8,,,
2.57,4,,,
2.572,4,,,
2.574,6,,,
2.576,0,,,
2.578,0,,,
2.58,2,,,
2.582,-4,,,
2.584,-6,,,
2.586,-4,,,
2.588,-6,,,
2.59,-8,,,
2.592,-6,,,
2.594,-8,,,
2.596,-10,,,
2.598,-8,,,
2.6,-6,,,
2.602,-10,,,
2.604,-10,,,
2.606,-6,,,
2.608,-10,,,
2.61,-14,,,
2.612,-10,,,
2.614,-12,,,
2.616,-14,,,
2.618,-14,,,
2.62,-18,,,
2.622,-16,,,
2.624,-14,,,
2.626,-18,,,
2.628,-18,,,
2.63,-16,,,
2.632,-16,,,
2.634,-18,,,
2.636,-16,,,
2.638,-18,,,
2.64,-18,,,
2.642,-18,,,
2.644,-18,,,
2.646,-20,,,
2.648,-18,,,
2.65,-20,,,
2.652,-18,,,
2.654,-20,,,
2.656,-18,,,
2.658,-18,,,
2.66,-20,,,
2.662,-20,,,
2.664,-18,,,
2.666,-18,,,
2.668,-20,,,
2.67,-18,,,
2.672,-18,,,
2.674,-20,,,
2.676,-18,,,
2.678,-16,,,
2.68,-18,,,
2.682,-18,,,
2.684,-14,,,
2.686,-16,,,
2.688,-16,,,
2.69,-14,,,
2.692,-16,,,
2.694,-16,,,
2.696,-14,,,
2.698,-14,,,
2.7,-14,,,
2.702,-14,,,
2.704,-12,,,
2.706,-14,,,
2.708,-10,,,
2.71,-6,,,
2.712,-6,,,
2.714,-2,,,
2.716,0,,,
2.718,-2,,,
2.72,0,,,
2.722,0,,,
2.724,-4,,,
2.726,-4,,,
2.728,-2,,,
2.73,-8,,,
2.732,-10,,,
2.734,-6,,,
2.736,-8,,,
2.738,-8,,,
2.74,-2,,,
2.742,0,,,
2.744,0,,,
2.746,8,,,
2.748,10,,,
2.75,8,,,
2.752,12,,,
2.754,14,,,
2.756,12,,,
2.758,12,,,
2.76,16,,,
2.762,16,,,
2.764,16,,,
2.766,18,,,
2.768,16,,,
2.77,18,,,
2.772,22,,,
2.774,20,,,
2.776,20,,,
2.778,22,,,
2.78,20,,,
2.782,18,,,
2.784,20,,,
2.786,18,,,
2.788,18,,,
2.79,18,,,
2.792,18,,,
2.794,18,,,
2.796,22,,,
2.798,22,,,
2.8,26,,,
2.802,28,,,
2.804,30,,,
2.806,32,,,
2.808,34,,,
2.81,36,,,
2.812,36,,,
2.814,36,,,
2.816,34,,,
2.818,36,,,
2.82,36,,,
2.822,36,,,
2.824,32,,,
2.826,32,,,
2.828,30,,,
2.83,30,,,
2.832,30,,,
2.834,30,,,
2.836,30,,,
2.838,32,,,
2.84,34,,,
2.842,36,,,
2.844,36,,,
2.846,36,,,
2.848,36,,,
2.85,36,,,
2.852,34,,,
2.854,36,,,
2.856,36,,,
2.858,34,,,
2.86,34,,,
2.862,34,,,
2.864,32,,,
2.866,34,,,
2.868,34,,,
2.87,34,,,
2.872,36,,,
2.874,34,,,
2.876,36,,,
2.878,34,,,
2.88,34,,,
2.882,34,,,
2.884,34,,,
2.886,34,,,
2.888,34,,,
2.89,32,,,
2.892,32,,,
2.894,30,,,
2.896,28,,,
2.898,28,,,
2.9,24,,,
2.902,24,,,
2.904,24,,,
2.906,22,,,
2.908,20,,,
2.91,22,,,
2.912,22,,,
2.914,20,,,
2.916,22,,,
2.918,22,,,
2.92,18,,,
2.922,20,,,
2.924,20,,,
2.926,16,,,
2.928,18,,,
2.93,16,,,
2.932,14,,,
2.934,16,,,
2.936,16,,,
2.938,12,,,
2.94,14,,,
2.942,14,,,
2.944,10,,,
2.946,8,,,
2.948,12,,,
2.95,8,,,
2.952,4,,,
2.954,6,,,
2.956,2,,,
2.958,-2,,,
2.96,0,,,
2.962,0,,,
2.964,-6,,,
2.966,-4,,,
2.968,-4,,,
2.97,-6,,,
2.972,-6,,,
2.974,-6,,,
2.976,-8,,,
2.978,-10,,,
2.98,-10,,,
2.982,-10,,,
2.984,-8,,,
2.986,-10,,,
2.988,-10,,,
2.99,-6,,,
2.992,-4,,,
2.994,-10,,,
2.996,-6,,,
2.998,-2,,,
3,-6,,,
3.002,-10,,,
3.004,-6,,,
3.006,-8,,,
3.008,-12,,,
3.01,-12,,,
3.012,-14,,,
3.014,-16,,,
3.016,-18,,,
3.018,-18,,,
3.02,-20,,,
3.022,-20,,,
3.024,-18,,,
3.026,-20,,,
3.028,-20,,,
3.03,-18,,,
3.032,-20,,,
3.034,-18,,,
3.036,-18,,,
3.038,-18,,,
3.04,-18,,,
3.042,-14,,,
3.044,-18,,,
3.046,-18,,,
3.048,-18,,,
3.05,-20,,,
3.052,-20,,,
3.054,-20,,,
3.056,-20,,,
3.058,-18,,,
3.06,-18,,,
3.062,-18,,,
3.064,-16,,,
3.066,-16,,,
3.068,-18,,,
3.07,-16,,,
3.072,-18,,,
3.074,-20,,,
3.076,-20,,,
3.078,-20,,,
3.08,-20,,,
3.082,-18,,,
3.084,-18,,,
3.086,-20,,,
3.088,-20,,,
3.09,-18,,,
3.092,-18,,,
3.094,-16,,,
3.096,-14,,,
3.098,-12,,,
3.1,-10,,,
3.102,-8,,,
3.104,-10,,,
3.106,-8,,,
3.108,-6,,,
3.11,-12,,,
3.112,-12,,,
3.114,-10,,,
3.116,-12,,,
3.118,-16,,,
3.12,-10,,,
3.122,-12,,,
3.124,-14,,,
3.126,-10,,,
3.128,-6,,,
3.13,-8,,,
3.132,-4,,,
3.134,0,,,
3.136,-2,,,
3.138,0,,,
3.14,4,,,
3.142,2,,,
3.144,0,,,
3.146,4,,,
3.148,4,,,
3.15,0,,,
3.152,4,,,
3.154,2,,,
3.156,2,,,
3.158,6,,,
3.16,8,,,
3.162,8,,,
3.164,14,,,
3.166,14,,,
3.168,12,,,
3.17,18,,,
3.172,18,,,
3.174,14,,,
3.176,18,,,
3.178,18,,,
3.18,16,,,
3.182,14,,,
3.184,18,,,
3.186,14,,,
3.188,12,,,
3.19,16,,,
3.192,12,,,
3.194,14,,,
3.196,18,,,
3.198,16,,,
3.2,18,,,
3.202,24,,,
3.204,24,,,
3.206,24,,,
3.208,26,,,
3.21,30,,,
3.212,28,,,
3.214,28,,,
3.216,30,,,
3.218,28,,,
3.22,30,,,
3.222,30,,,
3.224,28,,,
3.226,30,,,
3.228,32,,,
3.23,30,,,
3.232,30,,,
3.234,34,,,
3.236,32,,,
3.238,32,,,
3.24,34,,,
3.242,36,,,
3.244,36,,,
3.246,36,,,
3.248,36,,,
3.25,36,,,
3.252,36,,,
3.254,36,,,
3.256,38,,,
3.258,36,,,
3.26,36,,,
3.262,36,,,
3.264,36,,,
3.266,36,,,
3.268,36,,,
3.27,36,,,
3.272,36,,,
3.274,36,,,
3.276,36,,,
3.278,36,,,
3.28,36,,,
3.282,36,,,
3.284,36,,,
3.286,36,,,
3.288,36,,,
3.29,36,,,
3.292,34,,,
3.294,34,,,
3.296,34,,,
3.298,34,,,
3.3,34,,,
3.302,34,,,
3.304,32,,,
3.306,32,,,
3.308,32,,,
3.31,30,,,
3.312,32,,,
3.314,30,,,
3.316,30,,,
3.318,30,,,
3.32,30,,,
3.322,28,,,
3.324,28,,,
3.326,26,,,
3.328,22,,,
3.33,22,,,
3.332,20,,,
3.334,18,,,
3.336,12,,,
3.338,14,,,
3.34,12,,,
3.342,12,,,
3.344,12,,,
3.346,10,,,
3.348,12,,,
3.35,16,,,
3.352,16,,,
3.354,16,,,
3.356,20,,,
3.358,20,,,
3.36,18,,,
3.362,18,,,
3.364,18,,,
3.366,14,,,
3.368,12,,,
3.37,10,,,
3.372,8,,,
3.374,8,,,
3.376,6,,,
3.378,0,,,
3.38,0,,,
3.382,2,,,
3.384,-2,,,
3.386,-2,,,
3.388,2,,,
3.39,0,,,
3.392,-4,,,
3.394,0,,,
3.396,2,,,
3.398,0,,,
3.4,-2,,,
3.402,0,,,
3.404,0,,,
3.406,-4,,,
3.408,-6,,,
3.41,-8,,,
3.412,-10,,,
3.414,-12,,,
3.416,-16,,,
3.418,-16,,,
3.42,-16,,,
3.422,-18,,,
3.424,-18,,,
3.426,-18,,,
3.428,-18,,,
3.43,-18,,,
3.432,-18,,,
3.434,-18,,,
3.436,-18,,,
3.438,-18,,,
3.44,-16,,,
3.442,-16,,,
3.444,-14,,,
3.446,-14,,,
3.448,-16,,,
3.45,-18,,,
3.452,-18,,,
3.454,-18,,,
3.456,-20,,,
3.458,-20,,,
3.46,-20,,,
3.462,-18,,,
3.464,-18,,,
3.466,-18,,,
3.468,-18,,,
3.47,-18,,,
3.472,-18,,,
3.474,-20,,,
3.476,-18,,,
3.478,-20,,,
3.48,-18,,,
3.482,-18,,,
3.484,-18,,,
3.486,-18,,,
3.488,-18,,,
3.49,-18,,,
3.492,-16,,,
3.494,-14,,,
3.496,-16,,,
3.498,-14,,,
3.5,-12,,,
3.502,-12,,,
3.504,-10,,,
3.506,-10,,,
3.508,-10,,,
3.51,-8,,,
3.512,-6,,,
3.514,-10,,,
3.516,-10,,,
3.518,-8,,,
3.52,-10,,,
3.522,-12,,,
3.524,-6,,,
3.526,-8,,,
3.528,-10,,,
3.53,-6,,,
3.532,-2,,,
3.534,-6,,,
3.536,0,,,
3.538,0,,,
3.54,0,,,
3.542,2,,,
3.544,4,,,
3.546,4,,,
3.548,4,,,
3.55,6,,,
3.552,2,,,
3.554,4,,,
3.556,8,,,
3.558,2,,,
3.56,2,,,
3.562,6,,,
3.564,4,,,
3.566,4,,,
3.568,8,,,
3.57,10,,,
3.572,12,,,
3.574,16,,,
3.576,18,,,
3.578,18,,,
3.58,22,,,
3.582,22,,,
3.584,22,,,
3.586,26,,,
3.588,26,,,
3.59,22,,,
3.592,26,,,
3.594,26,,,
3.596,24,,,
3.598,22,,,
3.6,26,,,
3.602,24,,,
3.604,24,,,
3.606,26,,,
3.608,26,,,
3.61,26,,,
3.612,30,,,
3.614,30,,,
3.616,32,,,
3.618,34,,,
3.62,34,,,
3.622,36,,,
3.624,36,,,
3.626,36,,,
3.628,36,,,
3.63,36,,,
3.632,36,,,
3.634,34,,,
3.636,34,,,
3.638,34,,,
3.64,34,,,
3.642,34,,,
3.644,34,,,
3.646,36,,,
3.648,34,,,
3.65,36,,,
3.652,36,,,
3.654,36,,,
3.656,36,,,
3.658,36,,,
3.66,36,,,
3.662,36,,,
3.664,34,,,
3.666,36,,,
3.668,34,,,
3.67,34,,,
3.672,34,,,
3.674,32,,,
3.676,32,,,
3.678,32,,,
3.68,32,,,
3.682,32,,,
3.684,34,,,
3.686,34,,,
3.688,32,,,
3.69,30,,,
3.692,32,,,
3.694,30,,,
3.696,28,,,
3.698,26,,,
3.7,24,,,
3.702,22,,,
3.704,22,,,
3.706,18,,,
3.708,16,,,
3.71,18,,,
3.712,16,,,
3.714,12,,,
3.716,16,,,
3.718,20,,,
3.72,18,,,
3.722,20,,,
3.724,22,,,
3.726,22,,,
3.728,22,,,
3.73,20,,,
3.732,18,,,
3.734,18,,,
3.736,18,,,
3.738,12,,,
3.74,10,,,
3.742,10,,,
3.744,6,,,
3.746,2,,,
3.748,2,,,
3.75,2,,,
3.752,-2,,,
3.754,2,,,
3.756,2,,,
3.758,0,,,
3.76,2,,,
3.762,4,,,
3.764,0,,,
3.766,0,,,
3.768,2,,,
3.77,-2,,,
3.772,-4,,,
3.774,-6,,,
3.776,-8,,,
3.778,-10,,,
3.78,-12,,,
3.782,-14,,,
3.784,-14,,,
3.786,-14,,,
3.788,-14,,,
3.79,-16,,,
3.792,-14,,,
3.794,-14,,,
3.796,-16,,,
3.798,-14,,,
3.8,-14,,,
3.802,-16,,,
3.804,-14,,,
3.806,-14,,,
3.808,-14,,,
3.81,-14,,,
3.812,-14,,,
3.814,-16,,,
3.816,-16,,,
3.818,-16,,,
3.82,-18,,,
3.822,-18,,,
3.824,-18,,,
3.826,-20,,,
3.828,-18,,,
3.83,-18,,,
3.832,-18,,,
3.834,-18,,,
3.836,-20,,,
3.838,-18,,,
3.84,-18,,,
3.842,-20,,,
3.844,-20,,,
3.846,-18,,,
3.848,-18,,,
3.85,-18,,,
3.852,-18,,,
3.854,-18,,,
3.856,-18,,,
3.858,-16,,,
3.86,-16,,,
3.862,-16,,,
3.864,-14,,,
3.866,-12,,,
3.868,-14,,,
3.87,-12,,,
3.872,-10,,,
3.874,-10,,,
3.876,-10,,,
3.878,-10,,,
3.88,-10,,,
3.882,-10,,,
3.884,-10,,,
3.886,-10,,,
3.888,-12,,,
3.89,-8,,,
3.892,-10,,,
3.894,-10,,,
3.896,-4,,,
3.898,-6,,,
3.9,-6,,,
3.902,0,,,
3.904,0,,,
3.906,-2,,,
3.908,2,,,
3.91,2,,,
3.912,-2,,,
3.914,2,,,
3.916,2,,,
3.918,-2,,,
3.92,2,,,
3.922,2,,,
3.924,0,,,
3.926,2,,,
3.928,6,,,
3.93,2,,,
3.932,4,,,
3.934,12,,,
3.936,10,,,
3.938,10,,,
3.94,16,,,
3.942,18,,,
3.944,18,,,
3.946,22,,,
3.948,22,,,
3.95,22,,,
3.952,24,,,
3.954,24,,,
3.956,20,,,
3.958,22,,,
3.96,22,,,
3.962,20,,,
3.964,22,,,
3.966,22,,,
3.968,22,,,
3.97,22,,,
3.972,24,,,
3.974,24,,,
3.976,26,,,
3.978,28,,,
3.98,28,,,
3.982,30,,,
3.984,30,,,
3.986,32,,,
3.988,32,,,
3.99,32,,,
3.992,34,,,
3.994,32,,,
3.996,32,,,
3.998,34,,,
4,32,,,
4.002,32,,,
4.004,32,,,
4.006,32,,,
4.008,32,,,
4.01,34,,,
4.012,34,,,
4.014,36,,,
4.016,34,,,
4.018,36,,,
4.02,36,,,
4.022,36,,,
4.024,36,,,
4.026,36,,,
4.028,36,,,
4.03,36,,,
4.032,36,,,
4.034,36,,,
4.036,36,,,
4.038,36,,,
4.04,36,,,
4.042,36,,,
4.044,36,,,
4.046,38,,,
4.048,36,,,
4.05,36,,,
4.052,36,,,
4.054,36,,,
4.056,36,,,
4.058,36,,,
4.06,34,,,
4.062,34,,,
4.064,32,,,
4.066,32,,,
4.068,30,,,
4.07,30,,,
4.072,30,,,
4.074,30,,,
4.076,30,,,
4.078,30,,,
4.08,30,,,
4.082,32,,,
4.084,32,,,
4.086,30,,,
4.088,30,,,
4.09,30,,,
4.092,30,,,
4.094,26,,,
4.096,26,,,
4.098,26,,,
4.1,24,,,
4.102,22,,,
4.104,20,,,
4.106,18,,,
4.108,14,,,
4.11,14,,,
4.112,14,,,
4.114,14,,,
4.116,12,,,
4.118,16,,,
4.12,14,,,
4.122,14,,,
4.124,16,,,
4.126,16,,,
4.128,16,,,
4.13,14,,,
4.132,12,,,
4.134,12,,,
4.136,8,,,
4.138,6,,,
4.14,4,,,
4.142,4,,,
4.144,2,,,
4.146,-2,,,
4.148,0,,,
4.15,-4,,,
4.152,-4,,,
4.154,-4,,,
4.156,-4,,,
4.158,-4,,,
4.16,-4,,,
4.162,-4,,,
4.164,-4,,,
4.166,-4,,,
4.168,-4,,,
4.17,-4,,,
4.172,-4,,,
4.174,-6,,,
4.176,-8,,,
4.178,-8,,,
4.18,-10,,,
4.182,-12,,,
4.184,-12,,,
4.186,-14,,,
4.188,-14,,,
4.19,-16,,,
4.192,-16,,,
4.194,-18,,,
4.196,-18,,,
4.198,-16,,,
4.2,-18,,,
4.202,-18,,,
4.204,-16,,,
4.206,-18,,,
4.208,-18,,,
4.21,-16,,,
4.212,-18,,,
4.214,-18,,,
4.216,-18,,,
4.218,-18,,,
4.22,-18,,,
4.222,-18,,,
4.224,-18,,,
4.226,-20,,,
4.228,-18,,,
4.23,-20,,,
4.232,-18,,,
4.234,-20,,,
4.236,-20,,,
4.238,-18,,,
4.24,-18,,,
4.242,-20,,,
4.244,-18,,,
4.246,-18,,,
4.248,-20,,,
4.25,-18,,,
4.252,-18,,,
4.254,-18,,,
4.256,-18,,,
4.258,-18,,,
4.26,-18,,,
4.262,-16,,,
4.264,-14,,,
4.266,-14,,,
4.268,-14,,,
4.27,-10,,,
4.272,-12,,,
4.274,-12,,,
4.276,-8,,,
4.278,-8,,,
4.28,-10,,,
4.282,-8,,,
4.284,-8,,,
4.286,-8,,,
4.288,-8,,,
4.29,-10,,,
4.292,-8,,,
4.294,-8,,,
4.296,-8,,,
4.298,-8,,,
4.3,-6,,,
4.302,-4,,,
4.304,-6,,,
4.306,-2,,,
4.308,0,,,
4.31,0,,,
4.312,2,,,
4.314,4,,,
4.316,6,,,
4.318,4,,,
4.32,6,,,
4.322,4,,,
4.324,4,,,
4.326,4,,,
4.328,4,,,
4.33,6,,,
4.332,4,,,
4.334,4,,,
4.336,6,,,
4.338,8,,,
4.34,8,,,
4.342,12,,,
4.344,16,,,
4.346,16,,,
4.348,18,,,
4.35,22,,,
4.352,22,,,
4.354,20,,,
4.356,22,,,
4.358,22,,,
4.36,24,,,
4.362,24,,,
4.364,24,,,
4.366,26,,,
4.368,26,,,
4.37,26,,,
4.372,26,,,
4.374,26,,,
4.376,26,,,
4.378,26,,,
4.38,28,,,
4.382,30,,,
4.384,30,,,
4.386,32,,,
4.388,30,,,
4.39,32,,,
4.392,34,,,
4.394,34,,,
4.396,34,,,
4.398,36,,,
4.4,34,,,
4.402,34,,,
4.404,36,,,
4.406,34,,,
4.408,34,,,
4.41,32,,,
4.412,34,,,
4.414,34,,,
4.416,34,,,
4.418,34,,,
4.42,36,,,
4.422,36,,,
4.424,36,,,
4.426,36,,,
4.428,38,,,
4.43,36,,,
4.432,36,,,
4.434,36,,,
4.436,36,,,
4.438,36,,,
4.44,36,,,
4.442,36,,,
4.444,36,,,
4.446,36,,,
4.448,36,,,
4.45,36,,,
4.452,36,,,
4.454,36,,,
4.456,36,,,
4.458,36,,,
4.46,36,,,
4.462,34,,,
4.464,32,,,
4.466,30,,,
4.468,28,,,
4.47,28,,,
4.472,24,,,
4.474,26,,,
4.476,24,,,
4.478,24,,,
4.48,22,,,
4.482,26,,,
4.484,26,,,
4.486,24,,,
4.488,26,,,
4.49,26,,,
4.492,28,,,
4.494,28,,,
4.496,28,,,
4.498,26,,,
4.5,24,,,
4.502,24,,,
4.504,22,,,
4.506,18,,,
4.508,18,,,
4.51,14,,,
4.512,14,,,
4.514,12,,,
4.516,12,,,
4.518,8,,,
4.52,10,,,
4.522,10,,,
4.524,8,,,
4.526,6,,,
4.528,10,,,
4.53,10,,,
4.532,8,,,
4.534,10,,,
4.536,12,,,
4.538,10,,,
4.54,8,,,
4.542,8,,,
4.544,6,,,
4.546,4,,,
4.548,2,,,
4.55,0,,,
4.552,-2,,,
4.554,-4,,,
4.556,-8,,,
4.558,-8,,,
4.56,-10,,,
4.562,-10,,,
4.564,-10,,,
4.566,-10,,,
4.568,-10,,,
4.57,-12,,,
4.572,-12,,,
4.574,-10,,,
4.576,-10,,,
4.578,-10,,,
4.58,-10,,,
4.582,-8,,,
4.584,-8,,,
4.586,-8,,,
4.588,-10,,,
4.59,-8,,,
4.592,-14,,,
4.594,-14,,,
4.596,-14,,,
4.598,-16,,,
4.6,-18,,,
4.602,-18,,,
4.604,-18,,,
4.606,-18,,,
4.608,-18,,,
4.61,-20,,,
4.612,-20,,,
4.614,-20,,,
4.616,-18,,,
4.618,-20,,,
4.62,-18,,,
4.622,-18,,,
4.624,-18,,,
4.626,-20,,,
4.628,-18,,,
4.63,-20,,,
4.632,-18,,,
4.634,-20,,,
4.636,-18,,,
4.638,-18,,,
4.64,-20,,,
4.642,-20,,,
4.644,-16,,,
4.646,-16,,,
4.648,-18,,,
4.65,-18,,,
4.652,-18,,,
4.654,-16,,,
4.656,-16,,,
4.658,-16,,,
4.66,-14,,,
4.662,-14,,,
4.664,-14,,,
4.666,-14,,,
4.668,-12,,,
4.67,-14,,,
4.672,-12,,,
4.674,-10,,,
4.676,-14,,,
4.678,-12,,,
4.68,-10,,,
4.682,-10,,,
4.684,-12,,,
4.686,-10,,,
4.688,-10,,,
4.69,-10,,,
4.692,-6,,,
4.694,-8,,,
4.696,-8,,,
4.698,-4,,,
4.7,-6,,,
4.702,-6,,,
4.704,-2,,,
4.706,0,,,
4.708,-2,,,
4.71,4,,,
4.712,8,,,
4.714,6,,,
4.716,8,,,
4.718,12,,,
4.72,12,,,
4.722,8,,,
4.724,12,,,
4.726,10,,,
4.728,8,,,
4.73,8,,,
4.732,8,,,
4.734,6,,,
4.736,6,,,
4.738,6,,,
4.74,8,,,
4.742,10,,,
4.744,12,,,
4.746,12,,,
4.748,18,,,
4.75,20,,,
4.752,18,,,
4.754,22,,,
4.756,22,,,
4.758,22,,,
4.76,22,,,
4.762,24,,,
4.764,22,,,
4.766,26,,,
4.768,26,,,
4.77,24,,,
4.772,24,,,
4.774,26,,,
4.776,24,,,
4.778,-256,,,
4.78,-256,,,
4.782,-256,,,
4.784,-256,,,
4.786,-256,,,
4.788,-256,,,
4.79,-256,,,
4.792,-256,,,
4.794,-256,,,
4.796,-256,,,
4.798,-256,,,
4.8,-256,,,
4.802,-256,,,
4.804,-256,,,
4.806,-256,,,
4.808,-256,,,
4.81,-256,,,
4.812,-256,,,
4.814,-256,,,
4.816,-256,,,
4.818,-256,,,
4.82,-256,,,
4.822,-256,,,
4.824,-256,,,
4.826,-256,,,
4.828,-256,,,
4.83,-256,,,
4.832,-256,,,
4.834,-256,,,
4.836,-256,,,
4.838,-256,,,
4.84,-256,,,
4.842,-256,,,
4.844,-256,,,
4.846,-256,,,
4.848,-256,,,
4.85,-256,,,
4.852,-256,,,
4.854,-256,,,
4.856,-256,,,
4.858,-256,,,
4.86,-256,,,
4.862,-256,,,
4.864,-256,,,
4.866,-256,,,
4.868,-256,,,
4.87,-256,,,
4.872,-256,,,
4.874,-256,,,
4.876,-256,,,
4.878,-256,,,
4.88,-256,,,
4.882,-256,,,
4.884,-256,,,
4.886,-256,,,
4.888,-256,,,
4.89,-256,,,
4.892,-256,,,
4.894,-256,,,
4.896,-256,,,
4.898,-256,,,
4.9,-256,,,
4.902,-256,,,
4.904,-256,,,
4.906,-256,,,
4.908,-256,,,
4.91,-256,,,
4.912,-256,,,
4.914,-256,,,
4.916,-256,,,
4.918,-256,,,
4.92,-256,,,
4.922,-256,,,
4.924,-256,,,
4.926,-256,,,
4.928,-256,,,
4.93,-256,,,
4.932,-256,,,
4.934,-256,,,
4.936,-256,,,
4.938,-256,,,
4.94,-256,,,
4.942,-256,,,
4.944,-256,,,
4.946,-256,,,
4.948,-256,,,
4.95,-256,,,
4.952,-256,,,
4.954,-256,,,
4.956,-256,,,
4.958,-256,,,
4.96,-256,,,
4.962,-256,,,
4.964,-256,,,
4.966,-256,,,
4.968,-256,,,
4.97,-256,,,
4.972,-256,,,
4.974,-256,,,
4.976,-256,,,
4.978,-256,,,
4.98,-256,,,
4.982,-256,,,
4.984,-256,,,
4.986,-256,,,
4.988,-256,,,
4.99,-256,,,
4.992,-256,,,
4.994,-256,,,
4.996,-256,,,
4.998,-256,,,